{
  "project_info": {
    "project_number": "295155983116",
    "project_id": "timewizesolutions-fe1c8",
    "storage_bucket": "timewizesolutions-fe1c8.appspot.com"
  },
  "client": [
    {
      "client_info": {
        "mobilesdk_app_id": "1:295155983116:android:b6e294bde4a3d32b961f29",
        "android_client_info": {
          "package_name": "com.example.timewizesolutions"
        }
      },
      "oauth_client": [],
      "api_key": [
        {
          "current_key": "AIzaSyBwQIcuwALffMJE1lYggC-o8K4CbjY7OJQ"
        }
      ],
      "services": {
        "appinvite_service": {
          "other_platform_oauth_client": []
        }
      }
    }
  ],
  "configuration_version": "1"
}